TN,FP,FN,TP,Precision,Recall,F1
630,83,1,12,0.12631578947368421,0.9230769230769231,0.2222222222222222
